seed_num	seed	best_epoch	train_loss	train_perplexity	train_coherence	train_diversity	test_loss	test_perplexity	test_coherence	test_diversity
ALL	AVERAGE	558.8	692.790771484375	604.2530476888021	0.4208058597886423	0.9218333333333332	674.5052001953125	895.9465255737305	0.421220553366594	0.923
0	2746317213	376.0	691.3580322265625	597.9986648559571	0.4483104556529119	0.9162499999999999	674.860595703125	900.9768447875977	0.4488625455877028	0.92
1	1181241943	219.0	693.8688354492188	612.3337783813475	0.42355607106177834	0.8254166666666664	674.99755859375	903.6863021850586	0.4230478949858561	0.825
2	958682846	924.0	694.5941772460938	612.0457763671875	0.40287053324318733	0.9725	673.9360961914062	888.1024398803711	0.4046229452530383	0.9749999999999999
3	3163119785	738.0	692.490234375	601.6413167317709	0.4152978457432315	0.9800000000000001	673.7913208007812	888.8009643554688	0.41784777998915523	0.98
4	1812140441	537.0	691.642578125	597.2457021077474	0.41399439324210274	0.9149999999999998	674.9404296875	898.1660766601562	0.41172160101721716	0.915
