experiment_num	best_epoch	train_loss	test_loss	train_perplexity	test_perplexity	train_coherence	test_coherence	train_diversity	test_diversity
0	558.8000000000001	692.790771484375	674.5052001953126	604.2530476888022	895.9465255737305	0.4208058597886423	0.421220553366594	0.9218333333333333	0.9229999999999999
